StoreID,StoreName,Location,Manager,OpeningYear,SquareFootage
1,Store 1,Location C,Manager 1,2022,4388
2,Store 2,Location A,Manager 2,2002,658
3,Store 3,Location C,Manager 3,2018,2477
4,Store 4,Location C,Manager 4,2007,1456
5,Store 5,Location A,Manager 5,2004,2571
6,Store 6,Location A,Manager 6,2003,903
7,Store 7,Location C,Manager 7,2023,3279
8,Store 8,Location B,Manager 8,2005,1887
9,Store 9,Location C,Manager 9,2001,3953
10,Store 10,Location C,Manager 10,2019,1455
11,Store 11,Location C,Manager 11,2010,2212
12,Store 12,Location C,Manager 12,2003,1773
13,Store 13,Location A,Manager 13,2014,4311
14,Store 14,Location C,Manager 14,2005,3125
15,Store 15,Location B,Manager 15,2021,2882
16,Store 16,Location A,Manager 16,2016,1941
17,Store 17,Location B,Manager 17,2023,3479
18,Store 18,Location B,Manager 18,2005,2297
19,Store 19,Location B,Manager 19,2018,4890
20,Store 20,Location B,Manager 20,2001,4509
21,Store 21,Location A,Manager 21,2014,1894
22,Store 22,Location A,Manager 22,2010,4781
23,Store 23,Location B,Manager 23,2007,1769
24,Store 24,Location B,Manager 24,2018,4214
25,Store 25,Location A,Manager 25,2012,1029
26,Store 26,Location A,Manager 26,2011,4123
27,Store 27,Location A,Manager 27,2004,3458
28,Store 28,Location C,Manager 28,2005,3414
29,Store 29,Location C,Manager 29,2021,4091
30,Store 30,Location C,Manager 30,2003,2647
31,Store 31,Location B,Manager 31,2018,3869
32,Store 32,Location C,Manager 32,2019,1439
33,Store 33,Location B,Manager 33,2000,1025
34,Store 34,Location B,Manager 34,2019,501
35,Store 35,Location C,Manager 35,2016,874
36,Store 36,Location B,Manager 36,2011,2840
37,Store 37,Location C,Manager 37,2014,4505
38,Store 38,Location C,Manager 38,2000,3552
39,Store 39,Location A,Manager 39,2013,2865
40,Store 40,Location C,Manager 40,2005,2025
41,Store 41,Location A,Manager 41,2004,4976
42,Store 42,Location C,Manager 42,2010,2146
43,Store 43,Location C,Manager 43,2003,513
44,Store 44,Location A,Manager 44,2012,2778
45,Store 45,Location A,Manager 45,2010,3655
46,Store 46,Location C,Manager 46,2002,629
47,Store 47,Location B,Manager 47,2000,4314
48,Store 48,Location A,Manager 48,2005,3716
49,Store 49,Location B,Manager 49,2017,3438
50,Store 50,Location B,Manager 50,2023,4428
51,Store 51,Location B,Manager 51,2009,2540
52,Store 52,Location A,Manager 52,2004,527
53,Store 53,Location B,Manager 53,2022,2613
54,Store 54,Location A,Manager 54,2009,1752
55,Store 55,Location B,Manager 55,2011,4856
56,Store 56,Location C,Manager 56,2001,2546
57,Store 57,Location C,Manager 57,2012,4523
58,Store 58,Location A,Manager 58,2007,4896
59,Store 59,Location C,Manager 59,2001,3874
60,Store 60,Location C,Manager 60,2019,3966
61,Store 61,Location B,Manager 61,2000,3581
62,Store 62,Location A,Manager 62,2004,4278
63,Store 63,Location B,Manager 63,2008,1129
64,Store 64,Location B,Manager 64,2016,769
65,Store 65,Location B,Manager 65,2008,3139
66,Store 66,Location B,Manager 66,2010,2493
67,Store 67,Location B,Manager 67,2014,3391
68,Store 68,Location B,Manager 68,2023,3932
69,Store 69,Location B,Manager 69,2005,1780
70,Store 70,Location A,Manager 70,2022,2860
71,Store 71,Location C,Manager 71,2002,1075
72,Store 72,Location B,Manager 72,2016,1807
73,Store 73,Location B,Manager 73,2004,3692
74,Store 74,Location B,Manager 74,2011,3678
75,Store 75,Location B,Manager 75,2017,3234
76,Store 76,Location B,Manager 76,2013,2712
77,Store 77,Location B,Manager 77,2020,2852
78,Store 78,Location C,Manager 78,2023,4068
79,Store 79,Location C,Manager 79,2010,2155
80,Store 80,Location B,Manager 80,2008,2079
81,Store 81,Location C,Manager 81,2001,2703
82,Store 82,Location A,Manager 82,2011,1890
83,Store 83,Location B,Manager 83,2002,2242
84,Store 84,Location A,Manager 84,2002,2425
85,Store 85,Location A,Manager 85,2000,1119
86,Store 86,Location B,Manager 86,2007,1774
87,Store 87,Location C,Manager 87,2021,1456
88,Store 88,Location A,Manager 88,2007,2439
89,Store 89,Location B,Manager 89,2010,4453
90,Store 90,Location A,Manager 90,2008,2881
91,Store 91,Location A,Manager 91,2004,1468
92,Store 92,Location A,Manager 92,2013,1816
93,Store 93,Location A,Manager 93,2002,1543
94,Store 94,Location C,Manager 94,2020,781
95,Store 95,Location A,Manager 95,2004,3344
96,Store 96,Location A,Manager 96,2004,1558
97,Store 97,Location A,Manager 97,2018,4793
98,Store 98,Location C,Manager 98,2013,3032
99,Store 99,Location A,Manager 99,2003,4328
100,Store 100,Location A,Manager 100,2012,1508
101,Store 101,Location C,Manager 101,2009,1729
102,Store 102,Location C,Manager 102,2017,1535
103,Store 103,Location C,Manager 103,2007,775
104,Store 104,Location A,Manager 104,2007,3240
105,Store 105,Location C,Manager 105,2006,2789
106,Store 106,Location C,Manager 106,2007,1739
107,Store 107,Location A,Manager 107,2013,625
108,Store 108,Location C,Manager 108,2018,4565
109,Store 109,Location A,Manager 109,2005,4812
110,Store 110,Location B,Manager 110,2000,4368
111,Store 111,Location C,Manager 111,2022,1708
112,Store 112,Location B,Manager 112,2014,3749
113,Store 113,Location A,Manager 113,2000,1418
114,Store 114,Location C,Manager 114,2016,4423
115,Store 115,Location A,Manager 115,2000,4903
116,Store 116,Location B,Manager 116,2014,2469
117,Store 117,Location A,Manager 117,2022,3293
118,Store 118,Location C,Manager 118,2001,1391
119,Store 119,Location C,Manager 119,2013,4970
120,Store 120,Location B,Manager 120,2020,2533
121,Store 121,Location A,Manager 121,2007,1864
122,Store 122,Location C,Manager 122,2007,628
123,Store 123,Location B,Manager 123,2018,1514
124,Store 124,Location C,Manager 124,2006,2299
125,Store 125,Location C,Manager 125,2018,2018
126,Store 126,Location A,Manager 126,2005,4681
127,Store 127,Location C,Manager 127,2005,1698
128,Store 128,Location A,Manager 128,2002,4373
129,Store 129,Location C,Manager 129,2006,2974
130,Store 130,Location B,Manager 130,2018,3985
131,Store 131,Location C,Manager 131,2007,4549
132,Store 132,Location A,Manager 132,2009,4219
133,Store 133,Location A,Manager 133,2019,802
134,Store 134,Location B,Manager 134,2014,4452
135,Store 135,Location C,Manager 135,2014,1486
136,Store 136,Location C,Manager 136,2000,2363
137,Store 137,Location B,Manager 137,2019,4940
138,Store 138,Location C,Manager 138,2006,3572
139,Store 139,Location C,Manager 139,2003,3624
140,Store 140,Location A,Manager 140,2005,1827
141,Store 141,Location C,Manager 141,2000,2908
142,Store 142,Location C,Manager 142,2004,4173
143,Store 143,Location B,Manager 143,2022,3791
144,Store 144,Location B,Manager 144,2000,4533
145,Store 145,Location A,Manager 145,2003,1203
146,Store 146,Location C,Manager 146,2021,1074
147,Store 147,Location C,Manager 147,2001,3732
148,Store 148,Location C,Manager 148,2009,3132
149,Store 149,Location A,Manager 149,2004,4328
150,Store 150,Location A,Manager 150,2009,3730
151,Store 151,Location B,Manager 151,2000,988
152,Store 152,Location A,Manager 152,2021,1847
153,Store 153,Location C,Manager 153,2005,4181
154,Store 154,Location C,Manager 154,2012,3673
155,Store 155,Location A,Manager 155,2014,2167
156,Store 156,Location C,Manager 156,2003,2137
157,Store 157,Location C,Manager 157,2012,4614
158,Store 158,Location A,Manager 158,2023,4053
159,Store 159,Location A,Manager 159,2019,1500
160,Store 160,Location C,Manager 160,2023,1350
161,Store 161,Location C,Manager 161,2014,1888
162,Store 162,Location C,Manager 162,2007,4212
163,Store 163,Location B,Manager 163,2004,1867
164,Store 164,Location B,Manager 164,2014,1321
165,Store 165,Location B,Manager 165,2003,954
166,Store 166,Location A,Manager 166,2011,2124
167,Store 167,Location B,Manager 167,2012,3272
168,Store 168,Location A,Manager 168,2001,4226
169,Store 169,Location A,Manager 169,2018,3647
170,Store 170,Location B,Manager 170,2018,4589
171,Store 171,Location B,Manager 171,2003,2690
172,Store 172,Location B,Manager 172,2003,1416
173,Store 173,Location C,Manager 173,2010,4486
174,Store 174,Location B,Manager 174,2004,3375
175,Store 175,Location C,Manager 175,2019,1940
176,Store 176,Location A,Manager 176,2010,4900
177,Store 177,Location C,Manager 177,2009,1235
178,Store 178,Location B,Manager 178,2007,4068
179,Store 179,Location A,Manager 179,2005,3838
180,Store 180,Location A,Manager 180,2005,3515
181,Store 181,Location A,Manager 181,2007,3389
182,Store 182,Location C,Manager 182,2022,1461
183,Store 183,Location B,Manager 183,2014,3489
184,Store 184,Location A,Manager 184,2013,4348
185,Store 185,Location A,Manager 185,2010,1526
186,Store 186,Location A,Manager 186,2011,4365
187,Store 187,Location C,Manager 187,2012,3363
188,Store 188,Location C,Manager 188,2007,3001
189,Store 189,Location B,Manager 189,2017,2447
190,Store 190,Location C,Manager 190,2000,1677
191,Store 191,Location A,Manager 191,2014,511
192,Store 192,Location B,Manager 192,2007,4899
193,Store 193,Location A,Manager 193,2010,3864
194,Store 194,Location A,Manager 194,2011,3522
195,Store 195,Location C,Manager 195,2011,3871
196,Store 196,Location B,Manager 196,2003,3330
197,Store 197,Location C,Manager 197,2015,542
198,Store 198,Location C,Manager 198,2003,1443
199,Store 199,Location B,Manager 199,2004,2890
200,Store 200,Location A,Manager 200,2023,3045
201,Store 201,Location A,Manager 201,2004,2911
202,Store 202,Location B,Manager 202,2007,1504
203,Store 203,Location A,Manager 203,2009,520
204,Store 204,Location B,Manager 204,2016,906
205,Store 205,Location B,Manager 205,2008,1514
206,Store 206,Location C,Manager 206,2021,4931
207,Store 207,Location B,Manager 207,2018,2338
208,Store 208,Location C,Manager 208,2013,3688
209,Store 209,Location A,Manager 209,2007,1214
210,Store 210,Location A,Manager 210,2008,4646
211,Store 211,Location A,Manager 211,2021,4354
212,Store 212,Location A,Manager 212,2010,4919
213,Store 213,Location C,Manager 213,2022,640
214,Store 214,Location A,Manager 214,2000,1463
215,Store 215,Location B,Manager 215,2013,872
216,Store 216,Location B,Manager 216,2004,4135
217,Store 217,Location B,Manager 217,2020,3041
218,Store 218,Location C,Manager 218,2013,4110
219,Store 219,Location A,Manager 219,2003,2192
220,Store 220,Location A,Manager 220,2021,605
221,Store 221,Location A,Manager 221,2022,2181
222,Store 222,Location C,Manager 222,2000,4597
223,Store 223,Location B,Manager 223,2021,4516
224,Store 224,Location B,Manager 224,2022,3136
225,Store 225,Location A,Manager 225,2018,2637
226,Store 226,Location B,Manager 226,2007,3916
227,Store 227,Location B,Manager 227,2014,4945
228,Store 228,Location C,Manager 228,2020,4030
229,Store 229,Location C,Manager 229,2014,1786
230,Store 230,Location C,Manager 230,2008,3679
231,Store 231,Location C,Manager 231,2020,4154
232,Store 232,Location A,Manager 232,2008,2859
233,Store 233,Location C,Manager 233,2009,944
234,Store 234,Location B,Manager 234,2019,535
235,Store 235,Location A,Manager 235,2020,1975
236,Store 236,Location B,Manager 236,2008,4457
237,Store 237,Location B,Manager 237,2002,2298
238,Store 238,Location B,Manager 238,2019,2345
239,Store 239,Location C,Manager 239,2010,1908
240,Store 240,Location C,Manager 240,2005,2208
241,Store 241,Location A,Manager 241,2001,3438
242,Store 242,Location A,Manager 242,2006,1800
243,Store 243,Location C,Manager 243,2017,1743
244,Store 244,Location B,Manager 244,2001,4476
245,Store 245,Location A,Manager 245,2016,3597
246,Store 246,Location C,Manager 246,2010,509
247,Store 247,Location C,Manager 247,2011,2925
248,Store 248,Location C,Manager 248,2018,2160
249,Store 249,Location B,Manager 249,2021,3131
250,Store 250,Location C,Manager 250,2023,1572
251,Store 251,Location C,Manager 251,2006,3725
252,Store 252,Location C,Manager 252,2019,1816
253,Store 253,Location C,Manager 253,2005,4645
254,Store 254,Location A,Manager 254,2020,4183
255,Store 255,Location A,Manager 255,2023,3773
256,Store 256,Location C,Manager 256,2000,645
257,Store 257,Location B,Manager 257,2016,3540
258,Store 258,Location A,Manager 258,2010,1962
259,Store 259,Location C,Manager 259,2021,2084
260,Store 260,Location A,Manager 260,2017,982
261,Store 261,Location A,Manager 261,2020,3679
262,Store 262,Location B,Manager 262,2016,1749
263,Store 263,Location C,Manager 263,2006,1130
264,Store 264,Location C,Manager 264,2016,1161
265,Store 265,Location B,Manager 265,2019,4003
266,Store 266,Location B,Manager 266,2008,3352
267,Store 267,Location C,Manager 267,2016,2966
268,Store 268,Location C,Manager 268,2019,1487
269,Store 269,Location B,Manager 269,2021,2046
270,Store 270,Location A,Manager 270,2021,1149
271,Store 271,Location A,Manager 271,2007,1468
272,Store 272,Location B,Manager 272,2016,3137
273,Store 273,Location A,Manager 273,2006,1600
274,Store 274,Location B,Manager 274,2000,940
275,Store 275,Location A,Manager 275,2012,1269
276,Store 276,Location A,Manager 276,2022,1843
277,Store 277,Location C,Manager 277,2018,4858
278,Store 278,Location C,Manager 278,2023,4229
279,Store 279,Location A,Manager 279,2018,4406
280,Store 280,Location A,Manager 280,2016,2077
281,Store 281,Location C,Manager 281,2012,4508
282,Store 282,Location C,Manager 282,2015,3851
283,Store 283,Location C,Manager 283,2007,2849
284,Store 284,Location B,Manager 284,2018,4102
285,Store 285,Location A,Manager 285,2017,1741
286,Store 286,Location C,Manager 286,2000,1625
287,Store 287,Location A,Manager 287,2013,3101
288,Store 288,Location B,Manager 288,2018,1690
289,Store 289,Location B,Manager 289,2014,4631
290,Store 290,Location C,Manager 290,2017,4948
291,Store 291,Location B,Manager 291,2001,572
292,Store 292,Location A,Manager 292,2021,2414
293,Store 293,Location C,Manager 293,2016,2972
294,Store 294,Location A,Manager 294,2017,3546
295,Store 295,Location A,Manager 295,2005,1207
296,Store 296,Location B,Manager 296,2018,2304
297,Store 297,Location B,Manager 297,2003,4213
298,Store 298,Location B,Manager 298,2000,3064
299,Store 299,Location B,Manager 299,2007,2975
300,Store 300,Location B,Manager 300,2022,4110
301,Store 301,Location C,Manager 301,2006,4755
302,Store 302,Location A,Manager 302,2002,3323
303,Store 303,Location A,Manager 303,2009,2235
304,Store 304,Location A,Manager 304,2009,2085
305,Store 305,Location A,Manager 305,2018,566
306,Store 306,Location B,Manager 306,2013,3561
307,Store 307,Location A,Manager 307,2001,2928
308,Store 308,Location C,Manager 308,2000,4653
309,Store 309,Location C,Manager 309,2022,841
310,Store 310,Location A,Manager 310,2022,3274
311,Store 311,Location A,Manager 311,2017,3317
312,Store 312,Location C,Manager 312,2006,3161
313,Store 313,Location C,Manager 313,2007,1732
314,Store 314,Location B,Manager 314,2000,4374
315,Store 315,Location C,Manager 315,2022,2901
316,Store 316,Location B,Manager 316,2002,1994
317,Store 317,Location B,Manager 317,2023,4711
318,Store 318,Location B,Manager 318,2022,1161
319,Store 319,Location B,Manager 319,2007,4383
320,Store 320,Location B,Manager 320,2021,4119
321,Store 321,Location A,Manager 321,2014,2368
322,Store 322,Location C,Manager 322,2004,2834
323,Store 323,Location B,Manager 323,2002,3874
324,Store 324,Location C,Manager 324,2018,1516
325,Store 325,Location C,Manager 325,2000,4906
326,Store 326,Location B,Manager 326,2014,707
327,Store 327,Location A,Manager 327,2007,3165
328,Store 328,Location B,Manager 328,2001,2993
329,Store 329,Location A,Manager 329,2002,1132
330,Store 330,Location C,Manager 330,2023,2602
331,Store 331,Location A,Manager 331,2013,3459
332,Store 332,Location A,Manager 332,2023,3583
333,Store 333,Location A,Manager 333,2013,2431
334,Store 334,Location C,Manager 334,2010,4219
335,Store 335,Location C,Manager 335,2015,3062
336,Store 336,Location A,Manager 336,2003,2179
337,Store 337,Location A,Manager 337,2019,736
338,Store 338,Location B,Manager 338,2004,4943
339,Store 339,Location A,Manager 339,2021,2040
340,Store 340,Location B,Manager 340,2020,4443
341,Store 341,Location A,Manager 341,2013,863
342,Store 342,Location B,Manager 342,2022,2868
343,Store 343,Location C,Manager 343,2015,785
344,Store 344,Location A,Manager 344,2017,648
345,Store 345,Location A,Manager 345,2006,4537
346,Store 346,Location A,Manager 346,2009,2266
347,Store 347,Location A,Manager 347,2006,1512
348,Store 348,Location B,Manager 348,2000,3331
349,Store 349,Location A,Manager 349,2022,3007
350,Store 350,Location C,Manager 350,2020,2023
351,Store 351,Location C,Manager 351,2018,3285
352,Store 352,Location A,Manager 352,2015,3056
353,Store 353,Location C,Manager 353,2018,4225
354,Store 354,Location A,Manager 354,2003,2101
355,Store 355,Location A,Manager 355,2017,2908
356,Store 356,Location C,Manager 356,2001,840
357,Store 357,Location A,Manager 357,2000,3317
358,Store 358,Location C,Manager 358,2014,2996
359,Store 359,Location B,Manager 359,2004,2225
360,Store 360,Location A,Manager 360,2019,2189
361,Store 361,Location B,Manager 361,2010,3767
362,Store 362,Location C,Manager 362,2009,4906
363,Store 363,Location B,Manager 363,2001,761
364,Store 364,Location B,Manager 364,2002,1942
365,Store 365,Location C,Manager 365,2022,905
366,Store 366,Location B,Manager 366,2022,2690
367,Store 367,Location B,Manager 367,2011,4937
368,Store 368,Location C,Manager 368,2019,743
369,Store 369,Location B,Manager 369,2004,4607
370,Store 370,Location C,Manager 370,2004,1060
371,Store 371,Location B,Manager 371,2005,4637
372,Store 372,Location C,Manager 372,2008,3225
373,Store 373,Location C,Manager 373,2001,1093
374,Store 374,Location B,Manager 374,2020,2326
375,Store 375,Location B,Manager 375,2011,3729
376,Store 376,Location B,Manager 376,2002,3787
377,Store 377,Location A,Manager 377,2019,4573
378,Store 378,Location A,Manager 378,2021,633
379,Store 379,Location A,Manager 379,2011,3638
380,Store 380,Location C,Manager 380,2023,4419
381,Store 381,Location B,Manager 381,2016,572
382,Store 382,Location C,Manager 382,2009,4994
383,Store 383,Location A,Manager 383,2023,4725
384,Store 384,Location B,Manager 384,2013,3478
385,Store 385,Location C,Manager 385,2022,4861
386,Store 386,Location B,Manager 386,2016,2485
387,Store 387,Location C,Manager 387,2017,1292
388,Store 388,Location B,Manager 388,2018,4759
389,Store 389,Location A,Manager 389,2016,594
390,Store 390,Location A,Manager 390,2013,1633
391,Store 391,Location B,Manager 391,2008,737
392,Store 392,Location C,Manager 392,2007,3446
393,Store 393,Location A,Manager 393,2001,3030
394,Store 394,Location A,Manager 394,2012,2460
395,Store 395,Location A,Manager 395,2006,1548
396,Store 396,Location B,Manager 396,2008,3029
397,Store 397,Location B,Manager 397,2021,3464
398,Store 398,Location C,Manager 398,2021,1463
399,Store 399,Location C,Manager 399,2010,1036
400,Store 400,Location C,Manager 400,2013,4723
401,Store 401,Location B,Manager 401,2003,4179
402,Store 402,Location B,Manager 402,2012,4687
403,Store 403,Location C,Manager 403,2001,4224
404,Store 404,Location C,Manager 404,2022,1042
405,Store 405,Location B,Manager 405,2004,1345
406,Store 406,Location C,Manager 406,2010,4103
407,Store 407,Location A,Manager 407,2005,3536
408,Store 408,Location B,Manager 408,2017,2994
409,Store 409,Location C,Manager 409,2020,4985
410,Store 410,Location B,Manager 410,2009,3219
411,Store 411,Location A,Manager 411,2003,2384
412,Store 412,Location B,Manager 412,2008,4638
413,Store 413,Location B,Manager 413,2005,4849
414,Store 414,Location B,Manager 414,2001,3701
415,Store 415,Location B,Manager 415,2016,3210
416,Store 416,Location A,Manager 416,2004,2453
417,Store 417,Location B,Manager 417,2005,4350
418,Store 418,Location B,Manager 418,2011,1189
419,Store 419,Location C,Manager 419,2022,2450
420,Store 420,Location B,Manager 420,2020,956
421,Store 421,Location C,Manager 421,2009,2630
422,Store 422,Location A,Manager 422,2021,4476
423,Store 423,Location A,Manager 423,2020,4744
424,Store 424,Location A,Manager 424,2005,1679
425,Store 425,Location A,Manager 425,2007,4785
426,Store 426,Location C,Manager 426,2001,4065
427,Store 427,Location B,Manager 427,2011,1382
428,Store 428,Location A,Manager 428,2012,899
429,Store 429,Location B,Manager 429,2020,1108
430,Store 430,Location C,Manager 430,2006,2138
431,Store 431,Location C,Manager 431,2009,2648
432,Store 432,Location C,Manager 432,2012,1882
433,Store 433,Location A,Manager 433,2016,1903
434,Store 434,Location B,Manager 434,2020,1319
435,Store 435,Location B,Manager 435,2013,3792
436,Store 436,Location B,Manager 436,2001,1319
437,Store 437,Location C,Manager 437,2021,919
438,Store 438,Location A,Manager 438,2010,4719
439,Store 439,Location C,Manager 439,2000,3802
440,Store 440,Location C,Manager 440,2018,2008
441,Store 441,Location B,Manager 441,2020,1267
442,Store 442,Location C,Manager 442,2003,2544
443,Store 443,Location B,Manager 443,2018,2639
444,Store 444,Location A,Manager 444,2020,3529
445,Store 445,Location B,Manager 445,2010,2049
446,Store 446,Location A,Manager 446,2007,2264
447,Store 447,Location B,Manager 447,2010,3145
448,Store 448,Location C,Manager 448,2003,4216
449,Store 449,Location C,Manager 449,2016,4981
450,Store 450,Location A,Manager 450,2006,2793
451,Store 451,Location A,Manager 451,2007,3208
452,Store 452,Location A,Manager 452,2002,1400
453,Store 453,Location B,Manager 453,2021,3584
454,Store 454,Location B,Manager 454,2001,2509
455,Store 455,Location A,Manager 455,2022,741
456,Store 456,Location C,Manager 456,2014,2885
457,Store 457,Location B,Manager 457,2023,4768
458,Store 458,Location B,Manager 458,2021,1171
459,Store 459,Location B,Manager 459,2021,663
460,Store 460,Location A,Manager 460,2004,964
461,Store 461,Location A,Manager 461,2023,3542
462,Store 462,Location A,Manager 462,2000,2942
463,Store 463,Location A,Manager 463,2003,2855
464,Store 464,Location A,Manager 464,2014,4778
465,Store 465,Location C,Manager 465,2019,3057
466,Store 466,Location C,Manager 466,2018,1045
467,Store 467,Location A,Manager 467,2002,4335
468,Store 468,Location B,Manager 468,2019,1093
469,Store 469,Location A,Manager 469,2010,4304
470,Store 470,Location C,Manager 470,2016,1959
471,Store 471,Location C,Manager 471,2012,3993
472,Store 472,Location B,Manager 472,2010,3101
473,Store 473,Location C,Manager 473,2001,2944
474,Store 474,Location A,Manager 474,2008,3172
475,Store 475,Location B,Manager 475,2001,4700
476,Store 476,Location A,Manager 476,2020,516
477,Store 477,Location A,Manager 477,2008,3691
478,Store 478,Location B,Manager 478,2008,892
479,Store 479,Location A,Manager 479,2007,924
480,Store 480,Location C,Manager 480,2016,1071
481,Store 481,Location A,Manager 481,2000,4131
482,Store 482,Location B,Manager 482,2010,1620
483,Store 483,Location B,Manager 483,2007,741
484,Store 484,Location B,Manager 484,2009,4397
485,Store 485,Location A,Manager 485,2006,4595
486,Store 486,Location B,Manager 486,2002,2779
487,Store 487,Location B,Manager 487,2002,1288
488,Store 488,Location A,Manager 488,2017,1214
489,Store 489,Location C,Manager 489,2004,3349
490,Store 490,Location A,Manager 490,2011,1275
491,Store 491,Location B,Manager 491,2011,4526
492,Store 492,Location B,Manager 492,2018,2747
493,Store 493,Location A,Manager 493,2005,578
494,Store 494,Location C,Manager 494,2001,4426
495,Store 495,Location B,Manager 495,2011,1355
496,Store 496,Location B,Manager 496,2018,2648
497,Store 497,Location B,Manager 497,2004,1531
498,Store 498,Location A,Manager 498,2011,3771
499,Store 499,Location B,Manager 499,2016,4076
500,Store 500,Location C,Manager 500,2016,4682
501,Store 501,Location B,Manager 501,2009,3956
502,Store 502,Location B,Manager 502,2022,4006
503,Store 503,Location C,Manager 503,2016,907
504,Store 504,Location B,Manager 504,2014,3211
505,Store 505,Location A,Manager 505,2011,3588
506,Store 506,Location A,Manager 506,2015,2168
507,Store 507,Location A,Manager 507,2023,647
508,Store 508,Location C,Manager 508,2018,4827
509,Store 509,Location B,Manager 509,2007,4397
510,Store 510,Location A,Manager 510,2020,2450
511,Store 511,Location C,Manager 511,2016,865
512,Store 512,Location B,Manager 512,2022,2174
513,Store 513,Location C,Manager 513,2004,4994
514,Store 514,Location A,Manager 514,2021,3046
515,Store 515,Location A,Manager 515,2015,1062
516,Store 516,Location A,Manager 516,2005,4062
517,Store 517,Location C,Manager 517,2007,2989
518,Store 518,Location C,Manager 518,2017,1272
519,Store 519,Location A,Manager 519,2011,2537
520,Store 520,Location C,Manager 520,2014,3923
521,Store 521,Location A,Manager 521,2008,3067
522,Store 522,Location A,Manager 522,2012,2073
523,Store 523,Location B,Manager 523,2014,4194
524,Store 524,Location C,Manager 524,2009,3791
525,Store 525,Location A,Manager 525,2015,1746
526,Store 526,Location A,Manager 526,2006,4219
527,Store 527,Location C,Manager 527,2016,4339
528,Store 528,Location B,Manager 528,2022,859
529,Store 529,Location B,Manager 529,2020,2876
530,Store 530,Location A,Manager 530,2021,3509
531,Store 531,Location C,Manager 531,2006,3493
532,Store 532,Location B,Manager 532,2013,1462
533,Store 533,Location C,Manager 533,2014,4132
534,Store 534,Location C,Manager 534,2020,2327
535,Store 535,Location A,Manager 535,2006,2113
536,Store 536,Location B,Manager 536,2008,2140
537,Store 537,Location A,Manager 537,2018,2716
538,Store 538,Location B,Manager 538,2015,4812
539,Store 539,Location B,Manager 539,2007,877
540,Store 540,Location B,Manager 540,2017,4714
541,Store 541,Location B,Manager 541,2022,4785
542,Store 542,Location B,Manager 542,2017,869
543,Store 543,Location C,Manager 543,2019,2696
544,Store 544,Location A,Manager 544,2006,4247
545,Store 545,Location C,Manager 545,2002,1151
546,Store 546,Location B,Manager 546,2017,1269
547,Store 547,Location A,Manager 547,2009,2921
548,Store 548,Location B,Manager 548,2006,1280
549,Store 549,Location A,Manager 549,2016,2216
550,Store 550,Location C,Manager 550,2013,4483
551,Store 551,Location A,Manager 551,2023,1811
552,Store 552,Location A,Manager 552,2002,3859
553,Store 553,Location A,Manager 553,2011,1022
554,Store 554,Location A,Manager 554,2012,1021
555,Store 555,Location A,Manager 555,2001,2820
556,Store 556,Location B,Manager 556,2002,1435
557,Store 557,Location A,Manager 557,2004,2730
558,Store 558,Location A,Manager 558,2010,4540
559,Store 559,Location C,Manager 559,2007,4197
560,Store 560,Location A,Manager 560,2022,3337
561,Store 561,Location C,Manager 561,2022,4583
562,Store 562,Location B,Manager 562,2011,2961
563,Store 563,Location A,Manager 563,2006,3743
564,Store 564,Location C,Manager 564,2014,3859
565,Store 565,Location C,Manager 565,2023,1185
566,Store 566,Location B,Manager 566,2016,2660
567,Store 567,Location A,Manager 567,2003,4488
568,Store 568,Location A,Manager 568,2021,4566
569,Store 569,Location C,Manager 569,2012,2067
570,Store 570,Location A,Manager 570,2017,538
571,Store 571,Location C,Manager 571,2000,3044
572,Store 572,Location A,Manager 572,2015,1756
573,Store 573,Location C,Manager 573,2012,3490
574,Store 574,Location A,Manager 574,2009,2696
575,Store 575,Location B,Manager 575,2011,3968
576,Store 576,Location A,Manager 576,2001,3208
577,Store 577,Location A,Manager 577,2022,801
578,Store 578,Location B,Manager 578,2002,1146
579,Store 579,Location A,Manager 579,2009,2259
580,Store 580,Location B,Manager 580,2001,4851
581,Store 581,Location A,Manager 581,2022,1097
582,Store 582,Location C,Manager 582,2012,1161
583,Store 583,Location C,Manager 583,2012,4830
584,Store 584,Location A,Manager 584,2017,1868
585,Store 585,Location A,Manager 585,2002,3081
586,Store 586,Location A,Manager 586,2006,4368
587,Store 587,Location C,Manager 587,2013,4037
588,Store 588,Location A,Manager 588,2019,4808
589,Store 589,Location C,Manager 589,2016,782
590,Store 590,Location B,Manager 590,2020,4178
591,Store 591,Location C,Manager 591,2011,1986
592,Store 592,Location C,Manager 592,2015,4582
593,Store 593,Location B,Manager 593,2023,4683
594,Store 594,Location C,Manager 594,2011,960
595,Store 595,Location A,Manager 595,2014,2825
596,Store 596,Location A,Manager 596,2009,4254
597,Store 597,Location C,Manager 597,2006,2968
598,Store 598,Location A,Manager 598,2019,2224
599,Store 599,Location C,Manager 599,2004,1876
600,Store 600,Location A,Manager 600,2000,3243
601,Store 601,Location A,Manager 601,2016,1014
602,Store 602,Location C,Manager 602,2002,1202
603,Store 603,Location A,Manager 603,2012,2153
604,Store 604,Location C,Manager 604,2013,2566
605,Store 605,Location A,Manager 605,2023,522
606,Store 606,Location A,Manager 606,2017,2960
607,Store 607,Location B,Manager 607,2003,1804
608,Store 608,Location B,Manager 608,2017,3800
609,Store 609,Location C,Manager 609,2004,861
610,Store 610,Location B,Manager 610,2015,4227
611,Store 611,Location C,Manager 611,2000,1784
612,Store 612,Location B,Manager 612,2020,1014
613,Store 613,Location A,Manager 613,2013,948
614,Store 614,Location C,Manager 614,2014,2355
615,Store 615,Location C,Manager 615,2008,4062
616,Store 616,Location A,Manager 616,2014,3020
617,Store 617,Location C,Manager 617,2016,3581
618,Store 618,Location C,Manager 618,2023,1928
619,Store 619,Location B,Manager 619,2003,4467
620,Store 620,Location C,Manager 620,2011,1422
621,Store 621,Location A,Manager 621,2004,3637
622,Store 622,Location B,Manager 622,2004,2659
623,Store 623,Location B,Manager 623,2010,3047
624,Store 624,Location A,Manager 624,2005,3479
625,Store 625,Location A,Manager 625,2006,2781
626,Store 626,Location B,Manager 626,2023,3149
627,Store 627,Location C,Manager 627,2013,813
628,Store 628,Location B,Manager 628,2023,3113
629,Store 629,Location A,Manager 629,2010,3583
630,Store 630,Location B,Manager 630,2012,2756
631,Store 631,Location A,Manager 631,2001,1537
632,Store 632,Location B,Manager 632,2006,3989
633,Store 633,Location C,Manager 633,2019,3134
634,Store 634,Location B,Manager 634,2003,4483
635,Store 635,Location B,Manager 635,2007,2278
636,Store 636,Location A,Manager 636,2019,4395
637,Store 637,Location A,Manager 637,2021,1624
638,Store 638,Location A,Manager 638,2020,1197
639,Store 639,Location B,Manager 639,2018,2679
640,Store 640,Location C,Manager 640,2012,1904
641,Store 641,Location A,Manager 641,2013,1543
642,Store 642,Location A,Manager 642,2009,2429
643,Store 643,Location B,Manager 643,2010,1513
644,Store 644,Location A,Manager 644,2001,726
645,Store 645,Location C,Manager 645,2008,2328
646,Store 646,Location C,Manager 646,2016,2523
647,Store 647,Location A,Manager 647,2002,2952
648,Store 648,Location A,Manager 648,2023,2585
649,Store 649,Location B,Manager 649,2005,4783
650,Store 650,Location C,Manager 650,2004,1580
651,Store 651,Location C,Manager 651,2004,2820
652,Store 652,Location A,Manager 652,2021,3690
653,Store 653,Location B,Manager 653,2014,3130
654,Store 654,Location C,Manager 654,2022,3063
655,Store 655,Location C,Manager 655,2016,3792
656,Store 656,Location B,Manager 656,2008,4086
657,Store 657,Location B,Manager 657,2002,4931
658,Store 658,Location C,Manager 658,2019,3447
659,Store 659,Location C,Manager 659,2016,4459
660,Store 660,Location B,Manager 660,2009,3313
661,Store 661,Location C,Manager 661,2002,3083
662,Store 662,Location A,Manager 662,2017,661
663,Store 663,Location A,Manager 663,2017,1093
664,Store 664,Location B,Manager 664,2016,3759
665,Store 665,Location B,Manager 665,2023,4655
666,Store 666,Location B,Manager 666,2002,3462
667,Store 667,Location A,Manager 667,2002,4388
668,Store 668,Location C,Manager 668,2005,3890
669,Store 669,Location A,Manager 669,2012,1163
670,Store 670,Location C,Manager 670,2023,1632
671,Store 671,Location A,Manager 671,2014,1041
672,Store 672,Location C,Manager 672,2008,3474
673,Store 673,Location A,Manager 673,2003,1367
674,Store 674,Location B,Manager 674,2013,2566
675,Store 675,Location A,Manager 675,2004,931
676,Store 676,Location C,Manager 676,2001,4778
677,Store 677,Location A,Manager 677,2010,1706
678,Store 678,Location A,Manager 678,2008,3028
679,Store 679,Location A,Manager 679,2023,1669
680,Store 680,Location B,Manager 680,2002,1330
681,Store 681,Location A,Manager 681,2008,2151
682,Store 682,Location B,Manager 682,2002,1636
683,Store 683,Location B,Manager 683,2001,3310
684,Store 684,Location A,Manager 684,2011,975
685,Store 685,Location A,Manager 685,2009,3310
686,Store 686,Location A,Manager 686,2008,1826
687,Store 687,Location C,Manager 687,2014,1519
688,Store 688,Location A,Manager 688,2007,2336
689,Store 689,Location B,Manager 689,2004,4756
690,Store 690,Location A,Manager 690,2010,2948
691,Store 691,Location C,Manager 691,2001,4793
692,Store 692,Location A,Manager 692,2023,1783
693,Store 693,Location C,Manager 693,2014,1159
694,Store 694,Location C,Manager 694,2005,2510
695,Store 695,Location A,Manager 695,2007,898
696,Store 696,Location B,Manager 696,2004,2233
697,Store 697,Location C,Manager 697,2015,2625
698,Store 698,Location A,Manager 698,2017,2671
699,Store 699,Location A,Manager 699,2005,574
700,Store 700,Location B,Manager 700,2004,3971
701,Store 701,Location C,Manager 701,2015,1336
702,Store 702,Location C,Manager 702,2012,999
703,Store 703,Location A,Manager 703,2004,637
704,Store 704,Location A,Manager 704,2012,2597
705,Store 705,Location B,Manager 705,2016,4196
706,Store 706,Location B,Manager 706,2017,2385
707,Store 707,Location C,Manager 707,2007,3257
708,Store 708,Location C,Manager 708,2012,4420
709,Store 709,Location A,Manager 709,2018,2400
710,Store 710,Location C,Manager 710,2002,3110
711,Store 711,Location B,Manager 711,2023,4486
712,Store 712,Location B,Manager 712,2007,1949
713,Store 713,Location A,Manager 713,2001,1046
714,Store 714,Location B,Manager 714,2007,2503
715,Store 715,Location B,Manager 715,2012,2596
716,Store 716,Location B,Manager 716,2012,1203
717,Store 717,Location B,Manager 717,2000,2903
718,Store 718,Location A,Manager 718,2005,2125
719,Store 719,Location A,Manager 719,2023,3831
720,Store 720,Location C,Manager 720,2018,3478
721,Store 721,Location B,Manager 721,2015,3339
722,Store 722,Location C,Manager 722,2007,3884
723,Store 723,Location A,Manager 723,2000,3159
724,Store 724,Location A,Manager 724,2015,2361
725,Store 725,Location A,Manager 725,2008,3356
726,Store 726,Location A,Manager 726,2012,1185
727,Store 727,Location A,Manager 727,2010,4783
728,Store 728,Location A,Manager 728,2012,2119
729,Store 729,Location A,Manager 729,2020,1931
730,Store 730,Location B,Manager 730,2009,1375
731,Store 731,Location C,Manager 731,2003,2961
732,Store 732,Location A,Manager 732,2005,1865
733,Store 733,Location B,Manager 733,2006,1743
734,Store 734,Location B,Manager 734,2004,662
735,Store 735,Location C,Manager 735,2010,2474
736,Store 736,Location A,Manager 736,2012,3791
737,Store 737,Location C,Manager 737,2018,769
738,Store 738,Location A,Manager 738,2022,1131
739,Store 739,Location B,Manager 739,2009,1405
740,Store 740,Location B,Manager 740,2009,3971
741,Store 741,Location B,Manager 741,2010,3753
742,Store 742,Location B,Manager 742,2020,2514
743,Store 743,Location C,Manager 743,2006,2141
744,Store 744,Location A,Manager 744,2017,704
745,Store 745,Location A,Manager 745,2003,1081
746,Store 746,Location C,Manager 746,2001,1340
747,Store 747,Location A,Manager 747,2013,2219
748,Store 748,Location B,Manager 748,2012,3143
749,Store 749,Location A,Manager 749,2011,2797
750,Store 750,Location B,Manager 750,2006,1374
751,Store 751,Location C,Manager 751,2001,1189
752,Store 752,Location A,Manager 752,2012,4500
753,Store 753,Location C,Manager 753,2013,3641
754,Store 754,Location A,Manager 754,2016,1922
755,Store 755,Location B,Manager 755,2008,1171
756,Store 756,Location C,Manager 756,2016,1671
757,Store 757,Location A,Manager 757,2007,4226
758,Store 758,Location B,Manager 758,2001,1443
759,Store 759,Location C,Manager 759,2023,1949
760,Store 760,Location C,Manager 760,2012,4237
761,Store 761,Location A,Manager 761,2002,3039
762,Store 762,Location A,Manager 762,2015,4459
763,Store 763,Location A,Manager 763,2005,4760
764,Store 764,Location B,Manager 764,2018,2861
765,Store 765,Location A,Manager 765,2006,4152
766,Store 766,Location C,Manager 766,2009,4170
767,Store 767,Location C,Manager 767,2008,2253
768,Store 768,Location A,Manager 768,2001,2852
769,Store 769,Location A,Manager 769,2014,2438
770,Store 770,Location C,Manager 770,2004,870
771,Store 771,Location B,Manager 771,2021,4979
772,Store 772,Location A,Manager 772,2003,2431
773,Store 773,Location A,Manager 773,2019,924
774,Store 774,Location C,Manager 774,2003,1394
775,Store 775,Location A,Manager 775,2017,1097
776,Store 776,Location B,Manager 776,2003,3562
777,Store 777,Location C,Manager 777,2016,2836
778,Store 778,Location A,Manager 778,2011,2187
779,Store 779,Location C,Manager 779,2021,1072
780,Store 780,Location A,Manager 780,2016,2590
781,Store 781,Location A,Manager 781,2009,4169
782,Store 782,Location A,Manager 782,2021,4772
783,Store 783,Location B,Manager 783,2000,2133
784,Store 784,Location B,Manager 784,2021,2017
785,Store 785,Location C,Manager 785,2023,4793
786,Store 786,Location A,Manager 786,2017,3157
787,Store 787,Location A,Manager 787,2017,4148
788,Store 788,Location B,Manager 788,2013,4088
789,Store 789,Location A,Manager 789,2014,2037
790,Store 790,Location B,Manager 790,2011,3637
791,Store 791,Location A,Manager 791,2003,597
792,Store 792,Location C,Manager 792,2002,3715
793,Store 793,Location A,Manager 793,2019,4250
794,Store 794,Location A,Manager 794,2011,3657
795,Store 795,Location B,Manager 795,2006,843
796,Store 796,Location A,Manager 796,2010,1110
797,Store 797,Location A,Manager 797,2000,2227
798,Store 798,Location B,Manager 798,2005,2790
799,Store 799,Location C,Manager 799,2014,2354
800,Store 800,Location C,Manager 800,2014,3108
801,Store 801,Location B,Manager 801,2018,2579
802,Store 802,Location B,Manager 802,2010,2824
803,Store 803,Location B,Manager 803,2022,1677
804,Store 804,Location B,Manager 804,2001,1591
805,Store 805,Location B,Manager 805,2013,3291
806,Store 806,Location C,Manager 806,2001,2249
807,Store 807,Location C,Manager 807,2003,3175
808,Store 808,Location B,Manager 808,2016,1281
809,Store 809,Location A,Manager 809,2002,3548
810,Store 810,Location B,Manager 810,2012,2605
811,Store 811,Location A,Manager 811,2008,4367
812,Store 812,Location B,Manager 812,2006,2613
813,Store 813,Location B,Manager 813,2014,4470
814,Store 814,Location C,Manager 814,2022,2491
815,Store 815,Location A,Manager 815,2010,1567
816,Store 816,Location A,Manager 816,2019,2077
817,Store 817,Location C,Manager 817,2001,1511
818,Store 818,Location C,Manager 818,2014,2774
819,Store 819,Location C,Manager 819,2013,2314
820,Store 820,Location C,Manager 820,2019,2926
821,Store 821,Location A,Manager 821,2021,4902
822,Store 822,Location A,Manager 822,2010,3051
823,Store 823,Location B,Manager 823,2002,4157
824,Store 824,Location B,Manager 824,2016,507
825,Store 825,Location C,Manager 825,2011,3055
826,Store 826,Location C,Manager 826,2023,975
827,Store 827,Location C,Manager 827,2020,2711
828,Store 828,Location B,Manager 828,2014,984
829,Store 829,Location B,Manager 829,2015,2785
830,Store 830,Location B,Manager 830,2004,4025
831,Store 831,Location B,Manager 831,2019,3839
832,Store 832,Location B,Manager 832,2005,3322
833,Store 833,Location B,Manager 833,2018,3424
834,Store 834,Location B,Manager 834,2004,758
835,Store 835,Location C,Manager 835,2002,782
836,Store 836,Location C,Manager 836,2000,2398
837,Store 837,Location C,Manager 837,2005,4635
838,Store 838,Location C,Manager 838,2014,3476
839,Store 839,Location B,Manager 839,2001,2767
840,Store 840,Location A,Manager 840,2002,3700
841,Store 841,Location B,Manager 841,2016,1112
842,Store 842,Location A,Manager 842,2023,1187
843,Store 843,Location C,Manager 843,2011,4190
844,Store 844,Location B,Manager 844,2017,1112
845,Store 845,Location C,Manager 845,2014,2807
846,Store 846,Location B,Manager 846,2011,3513
847,Store 847,Location C,Manager 847,2015,2281
848,Store 848,Location A,Manager 848,2007,3091
849,Store 849,Location A,Manager 849,2013,3196
850,Store 850,Location A,Manager 850,2016,4458
851,Store 851,Location B,Manager 851,2020,1074
852,Store 852,Location A,Manager 852,2007,2410
853,Store 853,Location B,Manager 853,2014,4104
854,Store 854,Location A,Manager 854,2013,1169
855,Store 855,Location A,Manager 855,2017,4864
856,Store 856,Location B,Manager 856,2019,1783
857,Store 857,Location B,Manager 857,2006,1423
858,Store 858,Location A,Manager 858,2002,1625
859,Store 859,Location B,Manager 859,2011,2029
860,Store 860,Location A,Manager 860,2020,2094
861,Store 861,Location B,Manager 861,2023,746
862,Store 862,Location C,Manager 862,2002,4211
863,Store 863,Location C,Manager 863,2019,2060
864,Store 864,Location C,Manager 864,2013,2900
865,Store 865,Location C,Manager 865,2014,2743
866,Store 866,Location C,Manager 866,2013,4364
867,Store 867,Location A,Manager 867,2006,2439
868,Store 868,Location C,Manager 868,2016,3569
869,Store 869,Location C,Manager 869,2011,726
870,Store 870,Location C,Manager 870,2019,4047
871,Store 871,Location C,Manager 871,2003,764
872,Store 872,Location B,Manager 872,2008,1895
873,Store 873,Location A,Manager 873,2005,4057
874,Store 874,Location C,Manager 874,2015,1145
875,Store 875,Location C,Manager 875,2021,3490
876,Store 876,Location C,Manager 876,2021,2399
877,Store 877,Location A,Manager 877,2020,3004
878,Store 878,Location B,Manager 878,2020,3272
879,Store 879,Location A,Manager 879,2001,1654
880,Store 880,Location B,Manager 880,2023,1087
881,Store 881,Location C,Manager 881,2007,2321
882,Store 882,Location C,Manager 882,2010,1485
883,Store 883,Location A,Manager 883,2012,4579
884,Store 884,Location A,Manager 884,2016,3848
885,Store 885,Location B,Manager 885,2007,4331
886,Store 886,Location B,Manager 886,2020,1741
887,Store 887,Location A,Manager 887,2017,689
888,Store 888,Location B,Manager 888,2017,1480
889,Store 889,Location A,Manager 889,2013,2198
890,Store 890,Location B,Manager 890,2014,2215
891,Store 891,Location A,Manager 891,2005,3093
892,Store 892,Location A,Manager 892,2010,4636
893,Store 893,Location A,Manager 893,2012,4933
894,Store 894,Location B,Manager 894,2000,1598
895,Store 895,Location B,Manager 895,2005,2826
896,Store 896,Location B,Manager 896,2008,3747
897,Store 897,Location A,Manager 897,2007,1395
898,Store 898,Location B,Manager 898,2010,2174
899,Store 899,Location B,Manager 899,2021,3409
900,Store 900,Location A,Manager 900,2018,1430
901,Store 901,Location C,Manager 901,2023,4884
902,Store 902,Location A,Manager 902,2008,1223
903,Store 903,Location B,Manager 903,2016,3440
904,Store 904,Location A,Manager 904,2011,1589
905,Store 905,Location C,Manager 905,2013,1435
906,Store 906,Location A,Manager 906,2014,2795
907,Store 907,Location B,Manager 907,2015,655
908,Store 908,Location C,Manager 908,2021,1570
909,Store 909,Location B,Manager 909,2021,2458
910,Store 910,Location C,Manager 910,2019,3001
911,Store 911,Location C,Manager 911,2000,4719
912,Store 912,Location A,Manager 912,2009,4330
913,Store 913,Location A,Manager 913,2007,1354
914,Store 914,Location B,Manager 914,2017,1139
915,Store 915,Location A,Manager 915,2000,2738
916,Store 916,Location A,Manager 916,2001,2102
917,Store 917,Location C,Manager 917,2000,941
918,Store 918,Location A,Manager 918,2000,1836
919,Store 919,Location C,Manager 919,2008,4200
920,Store 920,Location C,Manager 920,2012,1448
921,Store 921,Location C,Manager 921,2000,3873
922,Store 922,Location B,Manager 922,2012,959
923,Store 923,Location B,Manager 923,2019,892
924,Store 924,Location B,Manager 924,2021,4438
925,Store 925,Location C,Manager 925,2006,2287
926,Store 926,Location B,Manager 926,2001,2757
927,Store 927,Location B,Manager 927,2005,1638
928,Store 928,Location A,Manager 928,2006,4308
929,Store 929,Location B,Manager 929,2013,2954
930,Store 930,Location B,Manager 930,2017,1966
931,Store 931,Location C,Manager 931,2014,4174
932,Store 932,Location C,Manager 932,2001,1877
933,Store 933,Location C,Manager 933,2009,3097
934,Store 934,Location C,Manager 934,2022,641
935,Store 935,Location C,Manager 935,2011,3159
936,Store 936,Location C,Manager 936,2016,1339
937,Store 937,Location B,Manager 937,2007,4118
938,Store 938,Location C,Manager 938,2010,4417
939,Store 939,Location C,Manager 939,2002,1095
940,Store 940,Location A,Manager 940,2005,2404
941,Store 941,Location B,Manager 941,2008,780
942,Store 942,Location B,Manager 942,2005,923
943,Store 943,Location B,Manager 943,2008,4865
944,Store 944,Location C,Manager 944,2006,4749
945,Store 945,Location C,Manager 945,2008,2250
946,Store 946,Location C,Manager 946,2017,2467
947,Store 947,Location A,Manager 947,2011,4588
948,Store 948,Location C,Manager 948,2007,4678
949,Store 949,Location A,Manager 949,2007,3446
950,Store 950,Location B,Manager 950,2017,1949
951,Store 951,Location C,Manager 951,2019,2831
952,Store 952,Location A,Manager 952,2014,2720
953,Store 953,Location A,Manager 953,2006,4289
954,Store 954,Location C,Manager 954,2010,3310
955,Store 955,Location B,Manager 955,2019,2031
956,Store 956,Location B,Manager 956,2015,3490
957,Store 957,Location B,Manager 957,2003,4993
958,Store 958,Location A,Manager 958,2005,1643
959,Store 959,Location A,Manager 959,2021,1433
960,Store 960,Location A,Manager 960,2002,1960
961,Store 961,Location A,Manager 961,2008,3223
962,Store 962,Location B,Manager 962,2009,3012
963,Store 963,Location C,Manager 963,2013,785
964,Store 964,Location A,Manager 964,2010,764
965,Store 965,Location A,Manager 965,2017,2867
966,Store 966,Location B,Manager 966,2021,3947
967,Store 967,Location C,Manager 967,2011,2262
968,Store 968,Location C,Manager 968,2022,3548
969,Store 969,Location B,Manager 969,2011,2881
970,Store 970,Location B,Manager 970,2012,2769
971,Store 971,Location C,Manager 971,2012,540
972,Store 972,Location A,Manager 972,2018,567
973,Store 973,Location C,Manager 973,2018,1487
974,Store 974,Location B,Manager 974,2022,4508
975,Store 975,Location A,Manager 975,2013,3698
976,Store 976,Location A,Manager 976,2003,3024
977,Store 977,Location B,Manager 977,2012,1585
978,Store 978,Location B,Manager 978,2007,2979
979,Store 979,Location B,Manager 979,2022,2193
980,Store 980,Location C,Manager 980,2020,2815
981,Store 981,Location C,Manager 981,2022,1278
982,Store 982,Location A,Manager 982,2018,2085
983,Store 983,Location B,Manager 983,2011,1992
984,Store 984,Location A,Manager 984,2017,1160
985,Store 985,Location A,Manager 985,2005,1848
986,Store 986,Location A,Manager 986,2017,1799
987,Store 987,Location A,Manager 987,2018,4440
988,Store 988,Location B,Manager 988,2021,2486
989,Store 989,Location A,Manager 989,2004,2544
990,Store 990,Location B,Manager 990,2023,4016
991,Store 991,Location B,Manager 991,2008,1558
992,Store 992,Location C,Manager 992,2002,1476
993,Store 993,Location B,Manager 993,2009,1227
994,Store 994,Location C,Manager 994,2018,3027
995,Store 995,Location B,Manager 995,2002,3636
996,Store 996,Location B,Manager 996,2021,842
997,Store 997,Location B,Manager 997,2014,1947
998,Store 998,Location C,Manager 998,2000,2879
999,Store 999,Location C,Manager 999,2006,4159
1000,Store 1000,Location A,Manager 1000,2011,1026
